Place_Name,Latitude,Longitude
Mumbai,19.07283,72.88261
Delhi,28.65195,77.23149
Bengaluru,12.97194,77.59369
Hyderabad,17.38405,78.45636
Ahmedabad,23.02579,72.58727
Chennai,13.08784,80.27847
Kolkata,22.56263,88.36304
Surat,21.19594,72.83023
Pune,18.51957,73.85535
Jaipur,26.91962,75.78781
Kanpur,26.46523,80.34975
Navi Mumbai,19.03681,73.01582
Lucknow,26.83928,80.92313
Nagpur,21.14631,79.08491
Coimbatore,11.00555,76.96612
Indore,22.71792,75.8333
Thane,19.19704,72.96355
Vadodara,22.29941,73.20812
Bhopal,23.25469,77.40289
Rasapudipalem,17.73308,83.31622
Pimpri-Chinchwad,18.61867,73.80375
Patna,25.59408,85.13563
Kallakurichi,11.73379,78.95925
Ludhiana,30.91204,75.85379
Nashik,19.99727,73.79096
Madurai,9.919,78.11953
Tirunelveli,8.72742,77.6838
Agra,27.18333,78.01667
Faridabad,28.41124,77.31316
Rajkot,22.29161,70.79322
Najafgarh,28.60922,76.97982
Jamshedpur,22.80278,86.18545
Gorakhpur,29.44768,75.67206
Pimpri,18.62292,73.80696
Kalyan,19.2437,73.13554
Dombivali,19.21667,73.08333
Meerut,28.98002,77.70636
Virar,19.45591,72.81136
Nowrangapur,19.23114,82.54826
Srinagar,34.08565,74.80555
Ghaziabad,28.66535,77.43915
Dhanbad,23.79759,86.42992
Aurangabad,19.87757,75.34226
Varanasi,25.31668,83.01041
Amritsar,31.62234,74.87534
Vijayawada,16.50745,80.6466
Ranchi,23.34316,85.3094
Jabalpur,23.16697,79.95006
Prayagraj,25.44478,81.84322
Visakhapatnam,17.68009,83.20161
Jodhpur,26.26841,73.00594
Gwalior,26.22983,78.17337
Teni,10.01115,77.47772
Howrah,22.57688,88.31857
Raipur,21.23333,81.63333
Tiruchirappalli,10.8155,78.69651
Kota,25.18254,75.83907
Shivaji Nagar,18.53017,73.85263
Sholapur,17.67152,75.91044
Chandigarh,30.73629,76.7884
Tiruppur,11.11541,77.35456
Guwahati,26.1844,91.7458
Hubballi,15.34776,75.13378
Mysuru,12.29791,76.63925
Salem,11.65376,78.15538
Gurugram,28.4601,77.02635
Bhubaneswar,20.27241,85.83385
Bhiwandi,19.30023,73.05881
Jalandhar,31.32556,75.57917
Rohini,28.74322,77.06778
Kanayannur,9.96667,76.26667
Bhayandar,19.30157,72.85107
Narela,28.85267,77.09288
Thiruvananthapuram,8.4855,76.94924
Aligarh,27.88145,78.07464
Bareilly,28.36678,79.43167
Moradabad,28.83893,78.77684
Warangal,18,79.58333
Guntur,16.29974,80.45729
Puducherry,11.93381,79.82979
Amravati,20.93333,77.75
Bikaner,28.01762,73.31495
Kochi,9.93988,76.26022
Bhilai,21.20919,81.4285
Cuttack,20.46497,85.87927
Borivli,19.23496,72.85976
Bhavnagar,21.76287,72.15331
Sangli,16.85438,74.56417
Jamnagar,22.47292,70.06673
Jammu,32.73528,74.86167
Bokaro,23.66934,86.15161
Nanded,19.16023,77.31497
Kozhikode,11.24802,75.7804
Kolhapur,16.69563,74.23167
Nellore,14.44992,79.98697
Kalaburagi,17.33583,76.83757
Ajmer,26.4521,74.63867
Dehra Dun,30.32443,78.03392
Erode,11.3428,77.72741
Durgapur,23.51583,87.30801
Ulhasnagar,19.21667,73.15
Siliguri,26.71004,88.42851
Ujjain,23.18239,75.77643
Bilimora,20.76957,72.96134
Karol Bagh,28.65136,77.19072
Asansol,23.68333,86.98333
Mangaluru,12.91723,74.85603
Belagavi,15.85212,74.50447
Saharanpur,29.9679,77.54522
Vellore,12.9184,79.13255
Bhatpara,22.86643,88.40113
Malegaon,20.54966,74.53462
Gaya,24.79686,85.00385
Ambattur,13.09818,80.16152
Jalgaon,21.00292,75.56602
Kurnool,15.82887,78.03602
Ramgundam,18.80084,79.45206
Udaipur,24.58584,73.71346
Maheshtala,22.50862,88.25322
Patiala,30.33625,76.3922
Shyamnagar,22.83333,88.36667
Davangere,14.46693,75.92694
Akola,20.70957,76.9981
Rajpur Sonarpur,22.4382,88.43205
Korba,22.3458,82.69633
Jhansi,25.45887,78.57994
Thoothukudi,8.76735,78.13425
Ballari,15.14205,76.92398
Bhagalpur,25.24446,86.97183
Agartala,23.83605,91.27939
Kakinada,16.96036,82.23809
Latur,18.39721,76.56784
Panihati,22.69089,88.37404
Rajamahendravaram,17.00517,81.77784
Dhule,20.9013,74.77737
Rohtak,28.89447,76.58917
Ahilyanagar,19.09457,74.73843
Kollam,8.88113,76.58469
Bilaspur,22.08005,82.15543
Bhilwara,25.34707,74.64081
Brahmapur,19.31151,84.7929
Muzaffarpur,26.12259,85.39055
Punasa,22.23507,76.39335
Muzaffarnagar,29.47091,77.70332
Avadi,13.1147,80.10981
Kadapa,14.47995,78.82346
Kukatpally,17.48486,78.41376
Kamarhati,22.67111,88.37472
Mathura,27.5035,77.67215
Chanda,19.95076,79.29523
Vijayapura,16.82442,75.71537
Shivamogga,13.93157,75.56791
Alwar,27.56246,76.625
Shahjanpur,27.88165,79.90918
Junagadh,21.51966,70.45981
New Delhi,28.62137,77.2148
Thrissur,10.51667,76.21667
Nizamabad,18.67154,78.0988
Tumkur,13.34136,77.1022
Parbhani,19.26855,76.77081
Hisar,29.15394,75.72294
Firozabad,27.15092,78.39781
Kulti,23.73166,86.84372
Karnal,29.69197,76.98448
Barddhaman,23.25572,87.85691
Gundupalaiyam,11.94096,79.80294
Barasat,22.72154,88.48198
Mulugu,18.191,79.943
Bihar Sharif,25.20084,85.52389
Bali,22.64859,88.34115
Rampur,28.81014,79.02699
Darbhanga,26.15216,85.89707
Panipat,29.38747,76.96825
Tirupati,13.63551,79.41989
Greater Noida,28.49615,77.53601
Noida,28.58,77.33
Aizawl,23.72894,92.71791
Gandhinagar,23.21667,72.68333
Dindigul,10.36896,77.98036
Thanjavur,10.78523,79.13909
Karimnagar,18.43915,79.12856
Dewas,22.96585,76.05526
Sonipat,28.99478,77.01937
Ichalkaranji,16.69117,74.46054
Bathinda,30.20747,74.93893
Jalna,19.84102,75.88636
Kirari Sulemannagar,28.69736,77.0648
Satna,24.57726,80.82719
Purnia,25.77895,87.47422
Imphal,24.80805,93.9442
Saugor,23.83877,78.73874
Kushinagar,26.74134,83.88689
Rourkela,22.22496,84.86414
Durg,21.19147,81.27619
Anantapur,14.67784,77.60813
Ratlam,23.33033,75.04032
Ranipet,12.92471,79.33331
Lal Bahadur Nagar,17.34769,78.55757
Arrah,25.55629,84.66335
Baranagar,22.64132,88.37727
Gajuwaka,17.7,83.21667
Etawah,26.77615,79.02133
Ambarnath,19.2,73.16667
Naihati,22.89396,88.41521
Bharatpur,27.21731,77.49009
Begusarai,25.41853,86.13389
Tiruvottiyur,13.15823,80.30181
Gandhidham,23.08333,70.13333
Mau,25.94167,83.56111
Sikar,27.61206,75.13996
Ramagundam,18.755,79.474
Hapur,28.72985,77.78068
Farrukhabad,27.39134,79.5793
Alappuzha,9.49004,76.3264
Katihar,25.53852,87.57044
Sri Ganganagar,29.92009,73.87496
Rewa,24.53256,81.29234
Uluberiya,22.4756,88.09898
Sivakasi,9.44999,77.79797
Karur,10.95771,78.08095
Raichur,16.20546,77.35567
Pallavaram,12.96796,80.15025
Ooty,11.4134,76.69521
Pali,25.77276,73.32335
Hosur,12.73647,77.83264
Vizianagaram,18.11692,83.41148
Shrirampur,22.75278,88.34222
Quthbullapur,17.50107,78.45818
Nadiad,22.69385,72.86157
Nagercoil,8.17899,77.43227
Karawalnagar,28.72712,77.27047
Mango,22.8275,86.21639
Gosaba,22.16547,88.8007
Murwara,23.83776,80.39405
Kanchipuram,12.83515,79.70006
Singrauli,24.19973,82.67535
Mirzapur,25.1449,82.56534
Kharagpur,22.33971,87.32501
Eluru,16.71311,81.10437
Raniganj,17.42841,78.49361
Yamuna Nagar,30.12796,77.28371
Raurkela Industrial Township,22.19994,84.86176
Bidar,17.90802,77.51524
Munger,25.37459,86.47455
Nandyal,15.47799,78.4836
Panchkula,30.69461,76.8504
Burhanpur,21.30868,76.23026
Morvi,22.81731,70.8377
Anand,22.55251,72.9552
Ongole,15.50357,80.04454
Hosapete,15.26954,76.3871
Nangloi Jat,28.67957,77.06799
Secunderabad,17.50427,78.54263
Deoghar,24.48983,86.69902
Chapra,25.78031,84.74709
Khandwa,21.82427,76.35086
Puri,19.79825,85.82494
Morena,26.49892,77.99534
Gyanpur,25.33268,82.46637
Bulandshahr,28.40392,77.85773
Bhind,26.56671,78.78728
Bhalswa Jahangirpur,28.73558,77.16682
Khammam,17.24767,80.14368
Sambhal,28.58498,78.56959
Bhiwani,28.79304,76.13968
Panvel,18.98878,73.11013
Ambala,30.36099,76.79782
Kumarapalayam,11.44495,77.71102
Machilipatnam,16.18747,81.13888
Mahesana,23.59864,72.38472
Mahbubnagar,16.74385,77.98597
Sambalpur,21.46527,83.97573
Bhusawal,21.04365,75.78506
Raebareli,26.2309,81.23315
Haridwar,29.94791,78.16025
Phusro,23.75644,86.0051
Adoni,15.62788,77.27495
Sujangarh,27.7,74.46667
Sirsa,29.53489,75.02898
Tehri,30.38111958,78.44298017
Bahraigh,27.57429,81.59474
Karaikkudi,10.06615,78.76784
Sultan Pur Majra,28.68966,77.07648
Guna,24.64691,77.3113
Chandannagar,22.86225,88.36796
Baharampur,24.10473,88.25155
Shahuwadi,16.90993,73.94654
Madanapalle,13.5503,78.50288
Shivpuri,25.42378,77.66223
Surendranagar,22.72706,71.64856
Neyveli,11.60877,79.4994
Silchar,24.82733,92.79787
Proddatur,14.7502,78.54813
Hugli,22.90877,88.39674
Hashtsal,28.63406,77.05771
Amroha,28.90314,78.46984
Chhindwara,22.05697,78.93958
Tambaram,12.9246,80.12707
Bhetia,22.79321,86.14098
Pathankot,32.27484,75.65287
Badlapur,19.15516,73.26553
Cuddalore,11.75617,79.76693
Shimla,31.10442,77.16662
Gadag-Betageri,15.4167,75.6167
Gadag,15.42977,75.62971
Veraval,20.9077,70.36786
Navsari,20.94237,72.92467
Bahadurgarh,28.69287,76.93555
Haldia,22.06046,88.10975
Raiganj,25.61281,88.12449
Malda,25.00447,88.14573
Jaunpur,25.75356,82.68689
Deoli,28.50254,77.23117
Bharuch,21.69482,72.9805
Hoshiarpur,31.53723,75.91269
Jind,29.31577,76.31502
Kumbakonam,10.96209,79.39124
Mohali,30.67995,76.72211
Fatehpur,25.92774,80.81266
Tonk,26.16638,75.78824
Udupi,13.33467,74.74617
Thenali,16.24253,80.63982
Loni,28.75143,77.29023
Sitapur,27.56192,80.68265
Alandur,13.0025,80.20611
Bhadravati,13.84846,75.70502
Vapi,20.37175,72.90493
Moga,30.81383,75.16878
Raj-Nandgaon,21.09687,81.0289
Robertsonpet,12.95629,78.27539
Unnao,26.54706,80.48781
Budaun,28.03811,79.12668
Madhyamgram,22.68944,88.44594
Chittoor,13.21055,79.0956
Jamuria,23.70468,87.07872
Jaigaon,26.84766,89.37558
Batala,31.80921,75.20294
Orai,25.99023,79.45334
Saharsa,25.87498,86.59611
Vidisha,23.52604,77.81092
Hanumangarh,29.58182,74.32938
Thanesar,29.97323,76.83214
Hassan,13.00715,76.0962
Kishangarh,26.59006,74.85397
Dalupura,28.6057,77.31901
Rudrapur,28.98,79.4
Nalgonda,17.05439,79.26707
Hazaribagh,23.99241,85.36162
Medinipur,22.42114,87.32257
Balurghat,25.22099,88.77732
Fyzabad,26.77549,82.15018
Dinapore,25.63705,85.04794
Porbandar,21.64219,69.60929
Banda,25.47758,80.33491
Hindupur,13.82807,77.49143
Beawar,26.10119,74.32028
Anantnag,33.73068,75.15418
Serilingampalle,17.49313,78.30196
Raigarh,21.89764,83.3966
Malkajgiri,17.44781,78.52633
Shantipur,23.24723,88.43302
Bhuj,23.25397,69.66928
Barakpur,22.76602,88.36336
Hajipur,25.68544,85.20981
Sasaram,24.94942,84.01645
Bhimavaram,16.54078,81.52322
Beed,18.98921,75.75634
Burari,28.7557,77.19941
Krishnanagar,23.40576,88.49073
Chitradurga,14.22262,76.40038
Dibrugarh,27.47989,94.90837
Abohar,30.14453,74.19552
Tiruvannamalai,12.22662,79.07461
Kaithal,29.80153,76.39959
Balasore,21.49266,86.93348
Godhra,22.77547,73.61488
Shillong,25.56892,91.88313
Rewari,28.199,76.6183
Chhatarpur,24.9177,79.58871
Mandsaur,24.07184,75.06986
Chas,23.63556,86.16712
Palanpur,24.17128,72.43827
Lakhimpur,27.94822,80.77935
Valsad,20.61013,72.93428
Damoh,23.83312,79.4419
Haldwani,29.22254,79.5286
Habra,22.84202,88.65606
Kolar,13.13768,78.12999
Srikakulam,18.2989,83.89751
Mandya,12.5223,76.89746
Madhurampur Dehri,24.96899,84.1964
Kanchrapara,22.95998,88.42849
Dimapur,25.91174,93.7217
Maler Kotla,30.5309,75.87949
Siwan,26.22096,84.35609
Kalol,23.24656,72.49508
Bankura,23.23241,87.0716
Patan,23.8507,72.12963
Gonda City,27.13181,81.95332
Dhaulpur,26.69286,77.87968
Gondia,21.46026,80.19205
Palakkad,10.77319,76.65366
Bettiah,26.80229,84.50311
Palwal,28.14469,77.32546
Pilibhit,28.63124,79.80436
Rajapalayam,9.45296,77.55335
Botad,22.16917,71.66671
Deoria,26.50167,83.77936
Nimach,24.45949,74.86625
Khardah,22.71861,88.37806
Yavatmal,20.39324,78.13201
Halisahar,22.93218,88.41859
Khanna,30.70547,76.22196
Titagarh,22.74252,88.37326
Mustafabad,28.71974,77.26781
Hathras,27.59551,78.05201
Jorhat,26.75751,94.20306
Lalitpur,24.69007,78.41915
Guntakal,15.17112,77.36244
Pithampur,22.60197,75.69649
Mothihari,26.64862,84.91656
Kanhangad,12.30814,75.10632
Jagdalpur,19.08136,82.02131
Jagadhri,30.16719,77.30367
Darjiling,27.03333,88.26667
Kurichchi,10.96085,76.97379
Dam Dam,22.63341,88.42286
Hardoi,27.39491,80.13165
Puruliya,23.33062,86.36303
Dharmavaram,14.41435,77.72035
Gokalpur,28.7029,77.28961
Bhadreswar,22.82449,88.33841
Nagaon,26.35,92.66667
Vejalpur,22.69021,73.56299
Chikmagalur,13.32231,75.774
Bhadrak,21.05447,86.5156
Sawai Madhopur,26.02301,76.34408
Ambikapur,23.11892,83.19537
Mandoli,28.70275,77.30995
Satara,17.68589,73.99333
Churu,28.30415,74.96718
Gangapur,26.47249,76.71744
Madhavaram,13.14819,80.2314
Dohad,22.83283,74.25986
Barshi,18.23454,75.69275
Adilabad,19.67203,78.5359
Jhunjhunun,28.12559,75.39797
Jetpur,21.75482,70.62347
Uppal Kalan,17.40577,78.55911
Gudivada,16.43547,80.99555
Baran,25.1,76.51667
Narmadapuram,22.74747,77.72736
Amreli,21.59983,71.21169
Pudukkottai,10.38128,78.82141
Narasaraopet,16.23488,80.04927
Rishra,22.72394,88.34563
Baripada,21.93458,86.72852
Muktsar,30.47426,74.5166
Azamgarh,26.06832,83.18358
Barnala,30.37451,75.5487
Yelahanka,13.10073,77.59632
Chittorgarh,24.88963,74.62403
Tinsukia,27.48905,95.35992
Khargone,21.82292,75.61394
Baidyabati,22.78498,88.32586
Basti,26.78817,82.71617
Gangavati,15.4313,76.52933
Ambur,12.79163,78.71644
Giridih,24.18622,86.30875
Wardha,20.73933,78.59784
Chanduasi,28.45178,78.78277
Bagaha,27.09918,84.09003
Achalpur,21.25665,77.51006
Gondal,21.96074,70.80255
Dharashiv,18.18158,76.03889
Sundargarh,22.11808937,84.01977343
Bagalkot,16.18673,75.69614
Suriapet,17.14054,79.62045
Bangaon,23.04553,88.83084
Ashoknagar Kalyangarh,22.86416,88.63701
Deesa,24.25612,72.17928
Navadwip,23.4067,88.36861
Nandurbar,21.36671,74.24051
Sultanpur,26.25788,82.07269
Delhi Cantonment,28.6,77.13333
Firozpur,30.92574,74.61311
Sehore,23.2,77.08333
Bansbaria,22.95387,88.40098
Tadpatri,14.90832,78.01031
Tadepallegudem,16.81467,81.52717
Jalpaiguri,26.51667,88.73333
Mangalagiri,16.43083,80.56815
Ranebennur,14.62239,75.62951
Khurja,28.25382,77.85535
Kishanganj,26.10224,87.95534
Ponnani,10.76695,75.92523
Hindaun,26.73411,77.03519
Jamalpur,25.31258,86.48888
Nagaur,27.20201,73.73394
Ambala Sadar,30.33544,76.86265
Bhiwadi,28.21024,76.86056
Bundi,25.43855,75.63735
Miryalaguda,16.8722,79.56247
Soyibug,34.07677,74.7057
Jagtial,18.79473,78.91661
Roorkee,29.86632,77.89118
Udgir,18.39258,77.11756
Nagda,23.45834,75.41759
Betul,21.90056,77.90229
Jahanabad,25.21368,84.9871
Kashipur,29.21399,78.95693
Ghazipur,25.58333,83.58526
Amaravati,16.514,80.516
Nagapattinam,10.76377,79.84313
Buxar,25.57548,83.98043
Mormugao,15.38914,73.81491
Seoni,22.08503,79.55037
Hinganghat,20.54875,78.83978
Dhamtari,20.70718,81.54874
Chilakalurupet,16.08987,80.16705
Malappuram,11.04199,76.08154
Banswara,23.54109,74.4425
Chirmiri,23.19073,82.35314
Itarsi,22.61477,77.76222
Vasco da Gama,15.39585,73.81568
Gangtok,27.32574,88.61216
Datia,25.67312,78.45908
Phagwara,31.22452,75.77387
Airoli,19.15096,72.99625
Luckeesarai,25.1765,86.0947
Shikohabad,27.108,78.58661
Kasganj,27.80882,78.64579
Khambhat,22.31744,72.61916
Kohima,25.67467,94.11099
Pandharpur,17.67924,75.33098
Kapurthala Town,31.38011,75.38105
Mahuva,21.09007,71.76904
Silvassa,20.27386,72.99673
Balangir,20.70419,83.49029
Mughal Sarai,25.28307,83.11968
Nawada,24.8867,85.54364
Bhilai Charoda,21.22305,81.45609
Shamli,29.4497,77.30959
Jharsuguda,21.85531,84.00698
Sadatpur Gujran,28.72834,77.24817
Chalisgaon,20.45781,75.01596
Villupuram,11.93975,79.49244
Amalner,21.03983,75.05887
Tellicherry,11.74811,75.4929
Manjeri,11.12018,76.11996
Birgaon,21.30758,81.62793
Barmer,25.74572,71.39211
Puth Kalan,28.7116,77.07887
Kuniyamuttur,10.96376,76.95254
Sardarshahr,28.44062,74.491
Sanand,22.99227,72.38177
Sahibganj,25.24425,87.63481
Paramagudi,9.54633,78.5907
Zerakpur,30.65622,76.82093
Tiruchengode,11.38016,77.89444
Closepet,12.72181,77.28149
Emmiganur,15.77203,77.48345
Vaniyambadi,12.68162,78.62014
Kovilpatti,9.17167,77.86989
Parli Vaijnath,18.85057,76.53163
Mainpuri,27.22857,79.02882
Khamgaon,20.70738,76.56827
Makrana,27.04361,74.72445
Allinagaram,10.02737,77.47815
Gudiyatham,12.94601,78.87377
Dhar,22.59373,75.29774
Baraut,29.10199,77.26334
Kalyani,22.9757,88.4337
Doddaballapura,13.29452,77.53777
Chirala,15.82385,80.35219
Akot,21.0963,77.0588
Gharroli,28.6167,77.33207
Rajpura,30.47856,76.59284
Ballarpur,19.84696,79.34578
Kot Kapura,30.58061,74.82609
Bhandara,21.16817,79.64885
Molarband,28.50295,77.31442
Rayachoti,14.05723,78.75056
Kadayanallur,9.07277,77.34152
Valparai,10.32691,76.95116
Pollachi,10.65825,77.0085
Kavali,14.9163,79.99449
Roha,18.43687,73.11964
Mancherial,18.87074,79.42863
Avaniyapuram,9.88179,78.11255
Muradnagar,28.78069,77.49865
Ankleshwar,21.63236,72.99001
Kadiri,14.11168,78.15982
Shahdol,23.29356,81.3619
Mahoba,25.2905,79.87533
Ramgarh,23.6303,85.52156
Contai,21.77985,87.74892
Sangrur,30.24506,75.84488
Nirmal,19.09685,78.34407
Deoband,29.69505,77.67964
Neyyattinkara,8.39854,77.08586
Tanda,26.54953,82.65841
Jhumri Telaiya,24.4349,85.52951
Aruppukkottai,9.5096,78.09588
Faridkot,30.67399,74.75579
Madgaon,15.27501,73.95786
Velampalaiyam,11.13764,77.31064
Jamui,24.92606,86.22531
Anjar,23.11316,70.02671
Paralakhemundi,18.77619,84.09504
Jharia,23.74079,86.41456
Karaikal,10.91667,79.83333
Kamthi,21.21615,79.1973
Hansi,29.10239,75.96253
Mayiladuthurai,11.10354,79.655
Anakapalle,17.69134,83.00395
Maduravoyal,13.0675,80.1632
Sarni,22.10317,78.17159
Dausa,26.89,76.33584
Paradip Garh,20.31641,86.6085
Hingoli,19.71464,77.14238
Baruni,25.47509,85.96813
Jeypore,18.8563,82.5716
Bijnor,29.373,78.13636
Dhoraji,21.73359,70.45004
Virappanchathiram,11.35314,77.71253
Balaghat,21.8156,80.18845
Udhampur,32.92431,75.13573
Najibabad,29.61194,78.34274
Idaiyarpalaiyam,11.03937,76.92369
Harihar,14.51288,75.80716
Chilla Soroda Bangar,28.59572,77.30189
Sirsilla,18.38865,78.81048
Karauli,26.49831,77.02755
Mansa,29.98844,75.40167
Jangipur,24.47001,88.07659
Gobindgarh,30.67089,76.30192
Saunda,23.66453,85.32694
Maraimalainagar,12.79782,80.02502
Ashoknagar,24.57578,77.73123
Phulwari Sharif,25.57765,85.07246
Mhow,22.5589,75.76543
Malout,30.21121,74.4818
Kadi,23.29908,72.33362
Vijalpor,20.92212,72.90945
Palakollu,16.5167,81.73
Himatnagar,23.59893,72.96602
Dholka,22.72732,72.44128
Kotkapura,30.5819,74.83298
Bargarh,21.33348,83.61905
Kharghar,19.04979,73.07024
Kairana,29.39541,77.2054
Brajarajnagar,21.81667,83.91667
Kamareddi,18.32001,78.34177
Palwancha,17.58152,80.67651
Manmad,20.25334,74.43755
Srikalahasti,13.75514,79.70143
Kottagudem,17.55106,80.61779
Nawabganj,26.93129,81.19841
Gokak,16.16901,74.82393
Tikamgarh,24.74327,78.83061
Arakkonam,13.08449,79.67053
Araria,26.14934,87.51323
Koch Bihar,26.32539,89.44508
Kharakvasla,18.43997,73.77545
Bhadohi,25.39526,82.5703
Katoya,23.64558,88.13258
Medininagar,24.03971,84.0658
Washim,20.11128,77.133
Bagbera,22.75948,86.19049
Savarkundla,21.33726,71.3035
Basoda,23.85153,77.93652
Tanuku,16.75438,81.68143
Gurdaspur,32.03933,75.40318
Edattala,10.05639,76.38451
Bodhan,18.66208,77.88581
Balrampur,27.42949,82.18545
Baramula,34.209,74.34285
Karwar,14.81361,74.12972
Dhulian,24.68127,87.9535
Rabkavi-Banhatti,16.47,75.12
Mawana,29.10288,77.92199
Shirpur,21.34821,74.88035
Budge Budge,22.48275,88.18176
Kundla,21.34222,71.30633
Visnagar,23.69855,72.5521
Kannauj,27.05524,79.9188
Khajoori Khas,28.70958,77.2587
Neelankarai,12.9495,80.2592
Nagina,29.44433,78.43646
Badagara,11.59776,75.58142
Fazilka,30.40207,74.02836
Ratnagiri,16.99154,73.31022
Keshod,21.30328,70.24861
Konnagar,22.70508,88.34446
Chintamani,13.40051,78.05172
Pammal,12.975,80.13472
Sindhnur,15.76983,76.75581
Madhubani,26.35367,86.07169
Bodinayakkanur,10.01171,77.34976
Khadki,18.5635,73.85205
Dhrangadhra,22.99167,71.46793
Tezpur,26.63333,92.8
Srivilliputhur,9.51272,77.63369
Benipur,26.05509,86.14557
Paloncha,17.60184,80.70509
Jaora,23.63783,75.12711
Tura,25.51421,90.20239
Gudur,14.15093,79.8521
Narnaul,28.04444,76.10833
Balotra,25.83242,72.24
Kharar,30.74632,76.64689
Yadgir,16.77007,77.13755
Harda,22.34414,77.09536
Pilkhua,28.71271,77.656
Ambajogai,18.73312,76.38616
Kapas Herd,28.52614,77.08396
Bela,25.92058,81.99629
Rabkavi,16.47567,75.1106
Bawana,28.7982,77.03431
Shahabad,27.6431,79.9402
Virudhachalam,11.51497,79.32824
Chandpur,29.13489,78.27187
Kasipalaiyam,11.31984,77.70971
Sikandarabad,28.45226,77.70004
Virudunagar,9.58509,77.95787
Pattukkottai,10.42358,79.31949
Pusad,19.91274,77.57838
Tindivanam,12.234,79.65551
Chopda,21.24578,75.29946
Taliparamba,12.04161,75.35927
Sangareddi,17.62477,78.08669
Palghar,19.69693,72.76543
Dharapuram,10.73828,77.53223
Payyanur,12.0935,75.20249
Sheopur,25.66472,76.69616
Channapatna,12.65143,77.20672
Koyilandy,11.4381,75.69306
Faridpur,28.20997,79.54149
Barauni,25.4709,85.976
Krishnagiri,12.51921,78.21382
Sopur,34.28671,74.47228
Rayagada,19.17132,83.41428
Zahirabad,17.68138,77.60743
Khopoli,18.78562,73.34589
Ratangarh,28.08137,74.61854
Markapur,15.73534,79.26848
Kalamassery,10.0614,76.32631
Bolpur,23.66278,87.69695
Panjim,15.49574,73.82624
Ranaghat,23.17623,88.56667
Fatehabad,29.51525,75.45554
Bapatla,15.90422,80.46743
Beypore,11.17151,75.80611
Koppal,15.34522,76.15478
Badvel,14.7451,79.06288
Dadri,28.55257,77.55403
Thenkasi,8.96003,77.31525
Suratgarh,29.3215,73.89979
Auraiya,26.46517,79.50918
Palani,10.45034,77.5209
Nallur,11.1003,77.39136
Chamrajnagar,11.92312,76.93949
Mithepur,28.4974,77.31856
Mangrol,21.12268,70.11484
Basavakalyan,17.87445,76.94972
Pul Pehlad,28.49938,77.29104
Chaibasa,22.55038,85.80249
Tripunittura,9.94283,76.33331
Shajapur,23.42637,76.27775
Mettupalayam,11.29971,76.93485
Sunam,30.12883,75.79943
Bhawanipatna,19.90717,83.16697
Ziauddin Pur,28.70873,77.27654
Jamkhandi,16.50461,75.29146
Basmat,19.32872,77.15746
Taj Pul,28.49482,77.30587
Kayamkulam,9.18173,76.50093
Dharmapuri,12.1277,78.15794
Bisalpur,28.29253,79.80472
Attili,16.7,81.6
Cumbum,9.73647,77.2847
Munnar,10.08818,77.06239
Panipat Taraf Makhdum Zadgan,29.41607,76.98831
Nabha,30.37577,76.15292
Bihat,25.42534,86.02083
Samastipur,25.86222,85.77953
Karanja,20.48273,77.48857
Sitamarhi,26.59357,85.4906
Rajsamand,25.07145,73.8798
Malkapur,20.88555,76.19932
Modasa,23.46253,73.29857
Jaisalmer,26.91763,70.90387
Buldana,20.52933,76.18457
Dhenkanal,20.65744,85.59693
Urun-Islampur,17.05,74.26667
Gopalganj,26.46734,84.44041
Bongaigaon,26.47703,90.55815
Sangamner,19.56784,74.21154
Haveri,14.79354,75.40448
Mannargudi,10.66626,79.45064
Jhalawar,24.59633,76.16499
Tarn Taran,31.45191,74.92777
Siddipet,18.10483,78.84858
Bellampalli,19.05577,79.493
Barbil,22.10194,85.37752
Koratla,18.82154,78.71186
Rishikesh,30.10778,78.29255
Goyerkata,26.69984,89.02565
Mandamarri,18.96506,79.47475
Puliyankudi,9.17489,77.39799
Palasa,18.77257,84.41012
Gohana,29.13777,76.70247
Pulivendla,14.42139,78.22502
Chengalpattu,12.69184,79.97661
Wadgaon Kolhati,19.84307,75.236
Ladnun,27.65312,74.39993
Supaul,26.11527,86.59509
Gangarampur,25.40138,88.52978
Ramanathapuram,9.37158,78.83077
Jagraon,30.78783,75.47391
Sinnar,19.84505,73.99866
Kopargaon,19.88239,74.47605
Alipur Duar,26.4835,89.52286
Tandur,17.24849,77.57698
Khatauli,29.27844,77.73302
Viraraghavapuram,13.07306,80.10778
Siuri,23.90806,87.52773
Bina,24.17161,78.18755
Palitana,21.52519,71.82309
Chaumu,27.16955,75.72226
Halol,22.50321,73.47242
Kodar,16.9985,79.9656
Bangarda Chhota,22.74354,75.81448
Tadepalle,16.48333,80.6
Tirupattur,12.49239,78.56804
Chinnachowk,14.47516,78.8354
Bishnupur,23.0738,87.31991
Amur,18.79284,78.27666
Baheri,28.77416,79.4974
Nawalgarh,27.85161,75.27384
Anaiyur,9.96152,78.1118
Kunnamkulam,10.64667,76.06695
Raghogarh,24.44318,77.19768
Tohana,29.71332,75.90441
Jatani,20.15975,85.70742
Arni,12.66771,79.28529
Chik Ballapur,13.43512,77.72787
Dhubri,26.01856,89.98564
Borsad,22.40788,72.89817
Gadwal,16.23504,77.79556
Piduguralla,16.47926,79.88632
Sheikhpura,25.13994,85.84096
Sirsi,14.62072,74.83554
Nipani,16.399,74.38285
Kannur,11.86752,75.35763
Bari,26.64661,77.61634
Nokha,27.56155,73.47141
Vinukonda,16.0531,79.73964
Renukut,24.21641,83.0358
Nagari,13.32139,79.58557
Chidambaram,11.39933,79.69144
Dabwali,29.94906,74.73832
Sibsagar,26.98427,94.63784
Narwana,29.59903,76.11927
Okha,22.46756,69.07002
Kuchaman,27.14745,74.85655
Nimbahera,24.62166,74.67999
Siddhapur,23.91783,72.37212
Diphu,25.84341,93.43116
Attur,11.59414,78.60143
Rayadrug,14.69971,76.85241
Rath,25.59474,79.5666
Cheruvannur,11.19033,75.82833
Vriddhachalam,11.5183,79.32411
Barh,25.48339,85.70928
Shahada,21.54538,74.47106
Dabra,25.88572,78.33221
Udumalaippettai,10.58806,77.24779
Tiptur,13.2563,76.47768
Sahaswan,28.07227,78.75082
Wanparti,16.36738,78.06889
Sirhind,30.64321,76.38421
Bardoli,21.12297,73.11151
Mokameh,25.39662,85.9219
Arambagh,22.88333,87.78333
Poonamalle,13.04888,80.11488
Keonjhargarh,21.6318,85.59686
Panruti,11.77662,79.55269
Ilkal,15.95923,76.11351
Kiratpur,29.50671,78.20613
Vrindavan,27.58105,77.69662
Kodungallur,10.23263,76.19513
Nedumangad,8.60267,77.00139
Narsimhapur,22.94936,79.18357
Ponnur,16.07114,80.54944
Kathua,32.36941,75.52539
North Lakhimpur,27.23517,94.10357
Masaurhi Buzurg,25.35417,85.03195
Nerkunram,13.06194,80.20944
Shegaon,20.7932,76.69921
Mandideep,23.08166,77.53328
Pachora,20.66727,75.35305
Gobichettipalayam,11.45496,77.4422
Gangoh,29.78004,77.26346
Itanagar,27.08694,93.60987
Jaitpur,28.50647,77.32976
Narasapur,16.43425,81.69845
Dhone,15.3952,77.8715
Rajgarh,28.64201,75.38612
Ullal,12.80569,74.86058
Panna,24.72094,80.18772
Gola Gokarannath,28.07837,80.47054
Gohad,26.43278,78.44205
Wani,20.05507,78.95313
Thiruvarur,10.77269,79.6368
Upleta,21.74015,70.28256
Nuzvid,16.78854,80.84593
Lonavla,18.75275,73.40575
Una,20.82318,71.03795
Sillod,20.30303,75.65284
Sira,13.74155,76.9043
Chikhli,20.35046,76.25774
Jhargram,22.45384,86.99497
Kagaznagar,19.33159,79.46605
Bhatapara,21.735,81.94711
Kasibugga,18.75927,84.41613
Hasanpur,28.72249,78.28436
Lohardaga,23.43305,84.67992
Jahangirabad,28.40549,78.10588
Sherkot,29.32704,78.57429
Katras,23.79752,86.29834
Macherla,16.47635,79.43533
Naksalbari,26.6827,88.22001
Sankarankovil,9.17048,77.54107
Mulbagal,13.16352,78.39346
Kandukur,15.21542,79.9039
Tiruvalla,9.3816,76.57489
Roshanpura,28.60057,76.98918
Ponnuru,16.06547,80.55203
Kollegal,12.15449,77.11051
Mukandpur,28.73944,77.18315
Unjha,23.80366,72.39101
Chhibramau,27.14872,79.50078
Tilhar,27.96282,79.73827
Lunglei,22.89247,92.74218
Hoskote,13.0707,77.79814
Byasanagar,20.95569,86.12643
Bada Barabil,22.11186,85.38684
Samalkot,17.05675,82.17639
Karimganj,24.86919,92.35543
Bobbili,18.57366,83.35925
Mettur,11.78796,77.8008
Sattenapalle,16.39381,80.15221
Tirurangadi,11.04316,75.92337
Tennala,10.99342,75.93504
Chakradharpur,22.67611,85.62892
Sendhwa,21.68562,75.09622
Talegaon Dabhade,18.73502,73.67561
Hiriyur,13.94455,76.61723
Anjangaon,21.16516,77.3091
Charkhi Dadri,28.59166,76.27161
Ujhani,28.00311,79.00821
Bankra,22.60291,88.27751
Dabhoi,22.18333,73.43333
Teghra,25.49043,85.94001
Obra,24.41863,82.98797
Tiruvallur,13.14376,79.90889
Mandapeta,16.86254,81.92921
Tirur,10.91368,75.92118
Ropar,30.96896,76.52695
Namakkal,11.22126,78.16524
Arcot,12.90569,79.31897
Laharpur,27.70827,80.90256
Viramgam,23.12564,72.05014
Islampur,26.26541,88.18982
Karad,17.28937,74.18183
Yanam,16.73308,82.21364
Abu Road,24.48012,72.78186
Raxaul,26.97982,84.85065
Moonniyur,11.05972,75.90311
Barwani,22.03232,74.89982
Kottayam,9.58692,76.52132
Tiruttangal,9.48333,77.83333
Petlad,22.47681,72.79995
Jalaun,26.1451,79.3366
Periya Semur,11.36088,77.68952
Madhupur,24.27419,86.63929
Dhuri,30.36846,75.86791
Challakere,14.318,76.65165
Etawa,24.18351,78.20289
Chiplun,17.53339,73.50935
Mandla,22.59879,80.37115
Bhimunipatnam,17.89017,83.45203
Mawlai-Mawiong,25.62322,91.88175
Kavanur,12.99623,80.07514
Pithapuram,17.1168,82.25284
Kandi,23.95946,88.04018
Idappadi,11.58624,77.83891
Sahibabad Daulotpur,28.74705,77.11465